ID,Name,SKU,Optional Offer Type,Categories,Description,Short description,Shipping class,Price,Shipping Price,Shipping counts for each unit (Yes/No),Published,Additional Unit Price,Additional Unit Shipping Price,Bonus Shipping Price,Max Quantity Per Order,Continuity,Not Show To Customer
1,MainOfferFreeShippingTwinCream,EBTWCRMAINA,,Twin,"Twin Microfiber Sheet Set includes (1) Patented semi-fitted top sheet W-68” x L-98”, (1) fitted sheet W-39” x L-75” X D-16”, (2)  pillow cases 20” x 30” CREAM",Twin - $19.95,Cream,$19.95,$9.95,yes,1,,,,0,,
2,MainOfferFreeShippingTwinCamel,EBTWCMMAINA,,Twin,"Twin Microfiber Sheet Set includes (1) Patented semi-fitted top sheet W-68” x L-98”, (1) fitted sheet W-39” x L-75” X D-16”, (2)  pillow cases 20” x 30” CAMEL",Twin - $19.95,Camel,$19.95,$9.95,yes,1,,,,0,,
3,MainOfferFreeShippingTwinBrown,EBTWBWMAINA,,Twin,"Twin Microfiber Sheet Set includes (1) Patented semi-fitted top sheet W-68” x L-98”, (1) fitted sheet W-39” x L-75” X D-16”, (2)  pillow cases 20” x 30” BROWN",Twin - $19.95,Brown,$19.95,$9.95,yes,1,,,,0,,
4,MainOfferFreeShippingTwinBlue,EBTWBLMAINA,,Twin,"Twin Microfiber Sheet Set includes (1) Patented semi-fitted top sheet W-68” x L-98”, (1) fitted sheet W-39” x L-75” X D-16”, (2)  pillow cases 20” x 30” BLUE",Twin - $19.95,Blue,$19.95,$9.95,yes,1,,,,1,,
5,MainOfferFreeShippingTwinBurgundy,EBTWBRMAINA,,Twin,"Twin Microfiber Sheet Set includes (1) Patented semi-fitted top sheet W-68” x L-98”, (1) fitted sheet W-39” x L-75” X D-16”, (2)  pillow cases 20” x 30” BURGUNDY",Twin - $19.95,Burgundy,$19.95,$9.95,yes,1,,,,0,,
6,MainOfferFreeShippingTwinWhite,MaintwinWhite,,Twin,"Twin Microfiber Sheet Set includes (1) Patented semi-fitted top sheet W-68” x L-98”, (1) fitted sheet W-39” x L-75” X D-16”, (2)  pillow cases 20” x 30” WHITE",Twin - $19.95,White,$19.95,$9.95,yes,1,,,,1,,
7,MainOfferFreeShippingTwinLavender,MaintwinLav,,Twin,"Twin Microfiber Sheet Set includes (1) Patented semi-fitted top sheet W-68” x L-98”, (1) fitted sheet W-39” x L-75” X D-16”, (2)  pillow cases 20” x 30” LAVENDER",Twin - $19.95,Lavender,$19.95,$9.95,yes,1,,,,1,,
8,MainOfferFreeShippingTwinDarkGray,EBTWDKGRAY,,Twin,"Twin Microfiber Sheet Set includes (1) Patented semi-fitted top sheet W-68” x L-98”, (1) fitted sheet W-39” x L-75” X D-16”, (2)  pillow cases 20” x 30” DARK GRAY",Twin - $19.95,Dark Gray,$19.95,$9.95,yes,1,,,,1,,
9,MainOfferFreeShippingTwinSageGreen,EBTWSGGREEN,,Twin,"Twin Microfiber Sheet Set includes (1) Patented semi-fitted top sheet W-68” x L-98”, (1) fitted sheet W-39” x L-75” X D-16”, (2)  pillow cases 20” x 30” SAGE GREEN",Twin - $19.95,Sage Green,$19.95,$9.95,yes,1,,,,1,,
10,MainOfferFreeShippingTwinSandShell,EBTWSDSHELL,,Twin,"Twin Microfiber Sheet Set includes (1) Patented semi-fitted top sheet W-68” x L-98”, (1) fitted sheet W-39” x L-75” X D-16”, (2)  pillow cases 20” x 30” SAND SHELL",Twin - $19.95,Sand Shell,$19.95,$9.95,yes,1,,,,1,,
11,MainOfferFreeShippingTwinXLCream,MaintwinxlCream,,Twin XL,"Twin XL Microfiber Sheet Set includes (1) Patented semi-fitted top sheet W-68” x L-98”, (1) fitted sheet W-39” x L-80”x D-16”, (2) pillow cases 20” x 30” CREAM",Twin XL - $39.95,Cream,$39.95,$9.95,yes,1,,,,0,,
12,MainOfferFreeShippingTwinXLCamel,MaintwinXLCamel,,Twin XL,"Twin XL Microfiber Sheet Set includes (1) Patented semi-fitted top sheet W-68” x L-98”, (1) fitted sheet W-39” x L-80”x D-16”, (2) pillow cases 20” x 30” CAMEL",Twin XL - $39.95,Camel,$39.95,$9.95,yes,1,,,,0,,
13,MainOfferFreeShippingTwinXLBrown,MaintwinXLBrown,,Twin XL,"Twin XL Microfiber Sheet Set includes (1) Patented semi-fitted top sheet W-68” x L-98”, (1) fitted sheet W-39” x L-80”x D-16”, (2) pillow cases 20” x 30” BROWN",Twin XL - $39.95,Brown,$39.95,$9.95,yes,1,,,,0,,
14,MainOfferFreeShippingTwinXLBlue,MaintwinXLBlue,,Twin XL,"Twin XL Microfiber Sheet Set includes (1) Patented semi-fitted top sheet W-68” x L-98”, (1) fitted sheet W-39” x L-80”x D-16”, (2) pillow cases 20” x 30” BLUE",Twin XL - $39.95,Blue,$39.95,$9.95,yes,1,,,,1,,
15,MainOfferFreeShippingTwinXLBurgundy,MaintwinXLBurgundy,,Twin XL,"Twin XL Microfiber Sheet Set includes (1) Patented semi-fitted top sheet W-68” x L-98”, (1) fitted sheet W-39” x L-80”x D-16”, (2) pillow cases 20” x 30” BURGUNDY",Twin XL - $39.95,Burgundy,$39.95,$9.95,yes,1,,,,0,,
16,MainOfferFreeShippingTwinXLWhite,MaintwinXLWhite,,Twin XL,"Twin XL Microfiber Sheet Set includes (1) Patented semi-fitted top sheet W-68” x L-98”, (1) fitted sheet W-39” x L-80”x D-16”, (2) pillow cases 20” x 30” WHITE",Twin XL - $39.95,White,$39.95,$9.95,yes,1,,,,1,,
17,MainOfferFreeShippingTwinXLLavender,MaintwinXLLav,,Twin XL,"Twin XL Microfiber Sheet Set includes (1) Patented semi-fitted top sheet W-68” x L-98”, (1) fitted sheet W-39” x L-80”x D-16”, (2) pillow cases 20” x 30” LAVENDER",Twin XL - $39.95,Lavender,$39.95,$9.95,yes,1,,,,1,,
18,MainOfferFreeShippingTwinXLDarkGray,MaintwinXLDKGRAY,,Twin XL,"Twin XL Microfiber Sheet Set includes (1) Patented semi-fitted top sheet W-68” x L-98”, (1) fitted sheet W-39” x L-80”x D-16”, (2) pillow cases 20” x 30” DARK GRAY",Twin XL - $39.95,Dark Gray,$39.95,$9.95,yes,1,,,,1,,
19,MainOfferFreeShippingTwinXLSageGreen,MaintwinXLSGGREEN,,Twin XL,"Twin XL Microfiber Sheet Set includes (1) Patented semi-fitted top sheet W-68” x L-98”, (1) fitted sheet W-39” x L-80”x D-16”, (2) pillow cases 20” x 30” SAGE GREEN",Twin XL - $39.95,Sage Green,$39.95,$9.95,yes,1,,,,1,,
20,MainOfferFreeShippingTwinXLSandShell,MaintwinXLSDSHELL,,Twin XL,"Twin XL Microfiber Sheet Set includes (1) Patented semi-fitted top sheet W-68” x L-98”, (1) fitted sheet W-39” x L-80”x D-16”, (2) pillow cases 20” x 30” SAND SHELL",Twin XL - $39.95,Sand Shell,$39.95,$9.95,yes,1,,,,1,,
21,MainOfferFreeShippingFullCream,EBFLCRMAINB,,Full,"Full Microfiber Sheet Set includes (1) Patented semi-fitted top sheet W-88” x L-98”, (1) fitted sheet W-54” x L-75"" x D-18”, (2) pillow cases 20” x 30” CREAM",Full - $49.95,Cream,$49.95,$9.95,yes,1,,,,0,,
22,MainOfferFreeShippingFullCamel,EBFLCMMAINB,,Full,"Full Microfiber Sheet Set includes (1) Patented semi-fitted top sheet W-88” x L-98”, (1) fitted sheet W-54” x L-75"" x D-18”, (2) pillow cases 20” x 30” CAMEL",Full - $49.95,Camel,$49.95,$9.95,yes,1,,,,0,,
23,MainOfferFreeShippingFullBrown,EBFLBWMAINB,,Full,"Full Microfiber Sheet Set includes (1) Patented semi-fitted top sheet W-88” x L-98”, (1) fitted sheet W-54” x L-75"" x D-18”, (2) pillow cases 20” x 30” BROWN",Full - $49.95,Brown,$49.95,$9.95,yes,1,,,,0,,
24,MainOfferFreeShippingFullBlue,EBFLBLMAINB,,Full,"Full Microfiber Sheet Set includes (1) Patented semi-fitted top sheet W-88” x L-98”, (1) fitted sheet W-54” x L-75"" x D-18”, (2) pillow cases 20” x 30” BLUE",Full - $49.95,Blue,$49.95,$9.95,yes,1,,,,1,,
25,MainOfferFreeShippingFullBurgundy,EBFLBRMAINB,,Full,"Full Microfiber Sheet Set includes (1) Patented semi-fitted top sheet W-88” x L-98”, (1) fitted sheet W-54” x L-75"" x D-18”, (2) pillow cases 20” x 30” BURGUNDY",Full - $49.95,Burgundy,$49.95,$9.95,yes,1,,,,0,,
26,MainOfferFreeShippingFullWhite,MainFullWhite,,Full,"Full Microfiber Sheet Set includes (1) Patented semi-fitted top sheet W-88” x L-98”, (1) fitted sheet W-54” x L-75"" x D-18”, (2) pillow cases 20” x 30” WHITE",Full - $49.95,White,$49.95,$9.95,yes,1,,,,1,,
27,MainOfferFreeShippingFullLavender,MainFullLav,,Full,"Full Microfiber Sheet Set includes (1) Patented semi-fitted top sheet W-88” x L-98”, (1) fitted sheet W-54” x L-75"" x D-18”, (2) pillow cases 20” x 30” LAVENDER",Full - $49.95,Lavender,$49.95,$9.95,yes,1,,,,1,,
28,MainOfferFreeShippingFullDarkGray,EBFLDKGRAYMAINB,,Full,"Full Microfiber Sheet Set includes (1) Patented semi-fitted top sheet W-88” x L-98”, (1) fitted sheet W-54” x L-75"" x D-18”, (2) pillow cases 20” x 30” DARK GRAY",Full - $49.95,Dark Gray,$49.95,$9.95,yes,1,,,,0,,
29,MainOfferFreeShippingFullSageGreen,MainFullSGGREEN,,Full,"Full Microfiber Sheet Set includes (1) Patented semi-fitted top sheet W-88” x L-98”, (1) fitted sheet W-54” x L-75"" x D-18”, (2) pillow cases 20” x 30” SAGE GREEN",Full - $49.95,Sage Green,$49.95,$9.95,yes,1,,,,0,,
30,MainOfferFreeShippingFullSandShell,MainFullSDSHELL,,Full,"Full Microfiber Sheet Set includes (1) Patented semi-fitted top sheet W-88” x L-98”, (1) fitted sheet W-54” x L-75"" x D-18”, (2) pillow cases 20” x 30” SAND SHELL",Full - $49.95,Sand Shell,$49.95,$9.95,yes,1,,,,1,,
31,MainOfferFreeShippingQueenCream,EBQNCRMAINB,,Queen,"Queen Microfiber Sheet Set includes (1) Patented semi-fitted top sheet W-94” x L-108”, (1) fitted sheet W-60” x L-80” x D-18”, (2) pillow cases 20” x 30” CREAM",Queen - $59.95,Cream,$59.95,$9.95,yes,1,,,,0,,
32,MainOfferFreeShippingQueenCamel,EBQNCMMAINB,,Queen,"Queen Microfiber Sheet Set includes (1) Patented semi-fitted top sheet W-94” x L-108”, (1) fitted sheet W-60” x L-80” x D-18”, (2) pillow cases 20” x 30” CAMEL",Queen - $59.95,Camel,$59.95,$9.95,yes,1,,,,0,,
33,MainOfferFreeShippingQueenBrown,EBQNBWMAINB,,Queen,"Queen Microfiber Sheet Set includes (1) Patented semi-fitted top sheet W-94” x L-108”, (1) fitted sheet W-60” x L-80” x D-18”, (2) pillow cases 20” x 30” BROWN",Queen - $59.95,Brown,$59.95,$9.95,yes,1,,,,0,,
34,MainOfferFreeShippingQueenBlue,EBQNBLMAINB,,Queen,"Queen Microfiber Sheet Set includes (1) Patented semi-fitted top sheet W-94” x L-108”, (1) fitted sheet W-60” x L-80” x D-18”, (2) pillow cases 20” x 30” BLUE",Queen - $59.95,Blue,$59.95,$9.95,yes,1,,,,1,,
35,MainOfferFreeShippingQueenBurgundy,EBQNBRMAINB,,Queen,"Queen Microfiber Sheet Set includes (1) Patented semi-fitted top sheet W-94” x L-108”, (1) fitted sheet W-60” x L-80” x D-18”, (2) pillow cases 20” x 30” BURGUNDY",Queen - $59.95,Burgundy,$59.95,$9.95,yes,1,,,,0,,
36,MainOfferFreeShippingQueenWhite,MainQueenWhite,,Queen,"Queen Microfiber Sheet Set includes (1) Patented semi-fitted top sheet W-94” x L-108”, (1) fitted sheet W-60” x L-80” x D-18”, (2) pillow cases 20” x 30” WHITE",Queen - $59.95,White,$59.95,$9.95,yes,1,,,,1,,
37,MainOfferFreeShippingQueenLavender,MainQueenLav,,Queen,"Queen Microfiber Sheet Set includes (1) Patented semi-fitted top sheet W-94” x L-108”, (1) fitted sheet W-60” x L-80” x D-18”, (2) pillow cases 20” x 30” LAVENDER",Queen - $59.95,Lavender,$59.95,$9.95,yes,1,,,,0,,
38,MainOfferFreeShippingQueenDarkGray,EBQNDKGRAYMAINB,,Queen,"Queen Microfiber Sheet Set includes (1) Patented semi-fitted top sheet W-94” x L-108”, (1) fitted sheet W-60” x L-80” x D-18”, (2) pillow cases 20” x 30” DARK GRAY",Queen - $59.95,Dark Gray,$59.95,$9.95,yes,1,,,,1,,
39,MainOfferFreeShippingQueenSageGreen,MainQueenSGGREEN,,Queen,"Queen Microfiber Sheet Set includes (1) Patented semi-fitted top sheet W-94” x L-108”, (1) fitted sheet W-60” x L-80” x D-18”, (2) pillow cases 20” x 30” SAGE GREEN",Queen - $59.95,Sage Green,$59.95,$9.95,yes,1,,,,1,,
40,MainOfferFreeShippingQueenSandShell,MainQueenSDSHELL,,Queen,"Queen Microfiber Sheet Set includes (1) Patented semi-fitted top sheet W-94” x L-108”, (1) fitted sheet W-60” x L-80” x D-18”, (2) pillow cases 20” x 30” SAND SHELL",Queen - $59.95,Sand Shell,$59.95,$9.95,yes,1,,,,1,,
41,MainOfferFreeShippingKingCream,EBKGCRMAINB,,King,"King Microfiber Sheet Set includes (1) Patented semi-fitted top sheet W-112” x L-108”, (1) fitted sheet W-78” x L-80” x D-18”, (2) pillow cases 20” x 40” CREAM",King - $69.95,Cream,$69.95,$9.95,yes,1,,,,0,,
42,MainOfferFreeShippingKingCamel,EBKGCMMAINB,,King,"King Microfiber Sheet Set includes (1) Patented semi-fitted top sheet W-112” x L-108”, (1) fitted sheet W-78” x L-80” x D-18”, (2) pillow cases 20” x 40” CAMEL",King - $69.95,Camel,$69.95,$9.95,yes,1,,,,0,,
43,MainOfferFreeShippingKingBrown,EBKGBWMAINB,,King,"King Microfiber Sheet Set includes (1) Patented semi-fitted top sheet W-112” x L-108”, (1) fitted sheet W-78” x L-80” x D-18”, (2) pillow cases 20” x 40” BROWN",King - $69.95,Brown,$69.95,$9.95,yes,1,,,,1,,
44,MainOfferFreeShippingKingBlue,EBKGBLMAINB,,King,"King Microfiber Sheet Set includes (1) Patented semi-fitted top sheet W-112” x L-108”, (1) fitted sheet W-78” x L-80” x D-18”, (2) pillow cases 20” x 40” BLUE",King - $69.95,Blue,$69.95,$9.95,yes,1,,,,0,,
45,MainOfferFreeShippingKingBurgundy,EBKGBRMAINB,,King,"King Microfiber Sheet Set includes (1) Patented semi-fitted top sheet W-112” x L-108”, (1) fitted sheet W-78” x L-80” x D-18”, (2) pillow cases 20” x 40” BURGUNDY",King - $69.95,Burgundy,$69.95,$9.95,yes,1,,,,1,,
46,MainOfferFreeShippingKingWhite,MainKingWhite,,King,"King Microfiber Sheet Set includes (1) Patented semi-fitted top sheet W-112” x L-108”, (1) fitted sheet W-78” x L-80” x D-18”, (2) pillow cases 20” x 40” WHITE",King - $69.95,White,$69.95,$9.95,yes,1,,,,0,,
47,MainOfferFreeShippingKingLavender,MainKingLav,,King,"King Microfiber Sheet Set includes (1) Patented semi-fitted top sheet W-112” x L-108”, (1) fitted sheet W-78” x L-80” x D-18”, (2) pillow cases 20” x 40” LAVENDER",King - $69.95,Lavender,$69.95,$9.95,yes,1,,,,1,,
48,MainOfferFreeShippingKingDarkGray,EBKGDKGRAYMAINB,,King,"King Microfiber Sheet Set includes (1) Patented semi-fitted top sheet W-112” x L-108”, (1) fitted sheet W-78” x L-80” x D-18”, (2) pillow cases 20” x 40” DARK GRAY",King - $69.95,Dark Gray,$69.95,$9.95,yes,1,,,,1,,
49,MainOfferFreeShippingKingSageGreen,MainKingSGGREEN,,King,"King Microfiber Sheet Set includes (1) Patented semi-fitted top sheet W-112” x L-108”, (1) fitted sheet W-78” x L-80” x D-18”, (2) pillow cases 20” x 40” SAGE GREEN",King - $69.95,Sage Green,$69.95,$9.95,yes,1,,,,0,,
50,MainOfferFreeShippingKingSandShell,MainKingSDSHELL,,King,"King Microfiber Sheet Set includes (1) Patented semi-fitted top sheet W-112” x L-108”, (1) fitted sheet W-78” x L-80” x D-18”, (2) pillow cases 20” x 40” SAND SHELL",King - $69.95,Sand Shell,$69.95,$9.95,yes,1,,,,0,,
51,MainOfferFreeShippingCaCream,EBCACRMAINB,,California King,"CA -King Microfiber Sheet Set includes (1) Patented semi-fitted top sheet W-108” x L-110”, (1) fitted sheet W-72” x L-84” x D-18”, (2) pillow cases 20” x 40” CREAM",California King - $79.95,Cream,$79.95,$9.95,yes,1,,,,0,,
52,MainOfferFreeShippingCaCamel,EBCACMMAINB,,California King,"CA -King Microfiber Sheet Set includes (1) Patented semi-fitted top sheet W-108” x L-110”, (1) fitted sheet W-72” x L-84” x D-18”, (2) pillow cases 20” x 40” CAMEL",California King - $79.95,Camel,$79.95,$9.95,yes,1,,,,0,,
53,MainOfferFreeShippingCaBrown,EBCABWMAINB,,California King,"CA -King Microfiber Sheet Set includes (1) Patented semi-fitted top sheet W-108” x L-110”, (1) fitted sheet W-72” x L-84” x D-18”, (2) pillow cases 20” x 40” BROWN",California King - $79.95,Brown,$79.95,$9.95,yes,1,,,,0,,
54,MainOfferFreeShippingCaBlue,EBCABLMAINB,,California King,"CA -King Microfiber Sheet Set includes (1) Patented semi-fitted top sheet W-108” x L-110”, (1) fitted sheet W-72” x L-84” x D-18”, (2) pillow cases 20” x 40” BLUE",California King - $79.95,Blue,$79.95,$9.95,yes,1,,,,0,,
55,MainOfferFreeShippingCaBurgundy,EBCABRMAINA,,California King,"CA -King Microfiber Sheet Set includes (1) Patented semi-fitted top sheet W-108” x L-110”, (1) fitted sheet W-72” x L-84” x D-18”, (2) pillow cases 20” x 40” BURGUNDY",California King - $79.95,Burgundy,$79.95,$9.95,yes,1,,,,0,,
56,MainOfferFreeShippingCaWhite,MainCAWhite,,California King,"CA -King Microfiber Sheet Set includes (1) Patented semi-fitted top sheet W-108” x L-110”, (1) fitted sheet W-72” x L-84” x D-18”, (2) pillow cases 20” x 40” WHITE",California King - $79.95,White,$79.95,$9.95,yes,1,,,,0,,
57,MainOfferFreeShippingCaLavender,MainCALav,,California King,"CA -King Microfiber Sheet Set includes (1) Patented semi-fitted top sheet W-108” x L-110”, (1) fitted sheet W-72” x L-84” x D-18”, (2) pillow cases 20” x 40” LAVENDER",California King - $79.95,Lavender,$79.95,$9.95,yes,1,,,,1,,
58,MainOfferFreeShippingCaDarkGray,EBCADKGRAYMAINA,,California King,"CA -King Microfiber Sheet Set includes (1) Patented semi-fitted top sheet W-108” x L-110”, (1) fitted sheet W-72” x L-84” x D-18”, (2) pillow cases 20” x 40” DARK GRAY",California King - $79.95,Dark Gray,$79.95,$9.95,yes,1,,,,1,,
59,MainOfferFreeShippingCaSageGreen,MainCASGGREEN,,California King,"CA -King Microfiber Sheet Set includes (1) Patented semi-fitted top sheet W-108” x L-110”, (1) fitted sheet W-72” x L-84” x D-18”, (2) pillow cases 20” x 40” SAGE GREEN",California King - $79.95,Sage Green,$79.95,$9.95,yes,1,,,,1,,
60,MainOfferFreeShippingCaSandShell,MainCASDSHELL,,California King,"CA -King Microfiber Sheet Set includes (1) Patented semi-fitted top sheet W-108” x L-110”, (1) fitted sheet W-72” x L-84” x D-18”, (2) pillow cases 20” x 40” SAND SHELL",California King - $79.95,Sand Shell,$79.95,$9.95,yes,1,,,,1,,
61,BlanketTwin/TwinXLPinkLeopard,TwinBlankPL,,Twin/Twin XL,"Effortless Patented Semi-fitted Plush Blanket Twin/TwinXL W-68” x L-98"" Pink Leopard",Twin/Twin XL - $79.95,Pink Leopard Blanket,$79.95,$9.95,yes,1,,,,1,,
62,BlanketFullPinkLeopard,FullBlankPL,,Full,Effortless Patented Semi-fitted Plush Blanket Full W-88” x L-98” Pink Leopard,Full - $79.95,Leopard,$79.95,$9.95,yes,1,,,,1,,
63,BlanketQueenPinkLeopard,QueenBlankL,,Queen,Effortless Patented Semi-fitted Plush Blanket Queen W-94” x L-108” Pink Leopard,Queen - $79.95,Leopard,$79.95,$9.95,yes,1,,,,0,,
64,BlanketKingPinkLeopard,KingBlankL,,King,Effortless Patented Semi-fitted Plush Blanket King W-112” x L-108”  Pink Leopard,King - $89.95,Leopard,$89.95,$9.95,yes,1,,,,1,,
65,BlanketCAKingPinkLeopard,CABlankL,,California King,Effortless Patented Semi-fitted Plush Blanket CA King W-108” x L-110” Pink Leopard,California King - $89.95,Leopard,$89.95,$9.95,yes,1,,,,0,,
66,BlanketTwin/TwinXLSandShell,TwinBlankSand,,Twin/Twin XL,"Effortless Patented Semi-fitted Plush Blanket Blanket Twin/TwinXL W-68” x L-98"" Sand Shell",Twin/Twin XL - $79.95,Sand,$79.95,$9.95,yes,1,,,,0,,
67,BlanketFullSandShell,FullBlankSand,,Full,Effortless Patented Semi-fitted Plush Blanket Blanket Full W-88” x L-98” Sand Shell,Full - $79.95,Sand,$79.95,$9.95,yes,1,,,,1,,
68,BlanketQueenSandShell,QueenBlankSand,,Queen,Effortless Patented Semi-fitted Plush Blanket Blanket Queen W-94” x L-108” Sand Shell,Queen - $79.95,Sand,$79.95,$9.95,yes,1,,,,1,,
69,BlanketKingSandShell,KingBlankSand,,King,Effortless Patented Semi-fitted Plush Blanket Blanket King W-112” x L-108” Sand Shell,King - $89.95,Sand,$89.95,$9.95,yes,1,,,,1,,
70,BlanketCAKingSandShell,CABlankSand,,California King,Effortless Patented Semi-fitted Plush Blanket CA King W-108” x L-110” Sand Shell,California King - $89.95,Sand,$89.95,$9.95,yes,1,,,,1,,
71,BlanketTwin/TwinXLBlue,TwinBlankBlue,,Twin/Twin XL,"Effortless Patented Semi-fitted Plush Blanket Twin/TwinXL W-68” x L-98"" Blue",Twin/Twin XL - $79.95,Blue,$79.95,$9.95,yes,1,,,,0,,
72,BlanketFullBlue,FullBlankBlue,,Full,Effortless Patented Semi-fitted Plush Blanket Blanket Full W-88” x L-98” Blue,Full - $79.95,Blue,$79.95,$9.95,yes,1,,,,1,,
73,BlanketQueenBlue,QueenBlankBlue,,Queen,Effortless Patented Semi-fitted Plush Blanket Blanket Queen W-94” x L-108” Blue,Queen - $79.95,Blue,$79.95,$9.95,yes,1,,,,1,,
74,BlanketKingBlue,KingBlankBlue,,King,Effortless Patented Semi-fitted Plush Blanket Blanket King W-112” x L-108” Blue,King - $89.95,Blue,$89.95,$9.95,yes,1,,,,1,,
75,BlanketCAKingBlue,CABlankBlue,,California King,Effortless Patented Semi-fitted Plush Blanket Blanket CA King W-108” x L-110” Blue,California King - $89.95,Blue,$89.95,$9.95,yes,1,,,,0,,
76,MattressTopperTwin/TwinXL,MATTOP-TWIN,,Twin/Twin XL,Effortless Bedding Mattress Topper Twin/TwinXL,Twin/Twin XL - $89.95,White,$89.95,$0.00,yes,1,,,,1,,
77,MattressTopperFull,MATTOP-FULL,,Full,Effortless Bedding Mattress Topper Full,Full - $89.95,White,$89.95,$0.00,yes,1,,,,1,,
78,MattressTopperQueen,MATTOP-QUEEN,,Queen,Effortless Bedding Mattress Topper Queen,Queen - $89.95,White,$89.95,$0.00,yes,1,,,,1,,
79,MattressTopperKing,MATTOP-KING,,King,Effortless Bedding Mattress Topper King,King - $89.95,White,$89.95,$0.00,yes,1,,,,1,,
80,Surcharge,SURCHARGE,,,Shipping Surcharge AK/HI/PR/GU/VI/Canada,Shipping Surcharge,,$0.00,$19.95,yes,1,,,,1,,
81,MainOfferFreeShippingTwinCreamDISC,EBTWCRMAINA,,Twin,"Twin Microfiber Sheet Set includes (1) Patented semi-fitted top sheet W-68” x L-98”, (1) fitted sheet W-39” x L-75” X D-16”, (2)  pillow cases 20” x 30” CREAM - 50% OFF",Twin - $9.97,Cream,$9.97,$9.95,yes,0,,,,10,,
82,MainOfferFreeShippingTwinCamelDISC,EBTWCMMAINA,,Twin,"Twin Microfiber Sheet Set includes (1) Patented semi-fitted top sheet W-68” x L-98”, (1) fitted sheet W-39” x L-75” X D-16”, (2)  pillow cases 20” x 30” CAMEL - 50% OFF",Twin - $9.97,Camel,$9.97,$9.95,yes,0,,,,10,,
83,MainOfferFreeShippingTwinBrownDISC,EBTWBWMAINA,,Twin,"Twin Microfiber Sheet Set includes (1) Patented semi-fitted top sheet W-68” x L-98”, (1) fitted sheet W-39” x L-75” X D-16”, (2)  pillow cases 20” x 30” BROWN - 50% OFF",Twin - $9.97,Brown,$9.97,$9.95,yes,0,,,,10,,
84,MainOfferFreeShippingTwinBlueDISC,EBTWBLMAINA,,Twin,"Twin Microfiber Sheet Set includes (1) Patented semi-fitted top sheet W-68” x L-98”, (1) fitted sheet W-39” x L-75” X D-16”, (2)  pillow cases 20” x 30” BLUE - 50% OFF",Twin - $9.97,Blue,$9.97,$9.95,yes,0,,,,10,,
85,MainOfferFreeShippingTwinBurgundyDISC,EBTWBRMAINA,,Twin,"Twin Microfiber Sheet Set includes (1) Patented semi-fitted top sheet W-68” x L-98”, (1) fitted sheet W-39” x L-75” X D-16”, (2)  pillow cases 20” x 30” BURGUNDY - 50% OFF",Twin - $9.97,Burgundy,$9.97,$9.95,yes,0,,,,10,,
86,MainOfferFreeShippingTwinWhiteDISC,MaintwinWhite,,Twin,"Twin Microfiber Sheet Set includes (1) Patented semi-fitted top sheet W-68” x L-98”, (1) fitted sheet W-39” x L-75” X D-16”, (2)  pillow cases 20” x 30” WHITE - 50% OFF",Twin - $9.97,White,$9.97,$9.95,yes,0,,,,10,,
87,MainOfferFreeShippingTwinLavenderDISC,MaintwinLav,,Twin,"Twin Microfiber Sheet Set includes (1) Patented semi-fitted top sheet W-68” x L-98”, (1) fitted sheet W-39” x L-75” X D-16”, (2)  pillow cases 20” x 30” LAVENDER - 50% OFF",Twin - $9.97,Lavender,$9.97,$9.95,yes,0,,,,10,,
88,MainOfferFreeShippingTwinDarkGrayDISC,EBTWDKGRAY,,Twin,"Twin Microfiber Sheet Set includes (1) Patented semi-fitted top sheet W-68” x L-98”, (1) fitted sheet W-39” x L-75” X D-16”, (2)  pillow cases 20” x 30” DARK GRAY - 50% OFF",Twin - $9.97,Dark Gray,$9.97,$9.95,yes,0,,,,10,,
89,MainOfferFreeShippingTwinSageGreenDISC,EBTWSGGREEN,,Twin,"Twin Microfiber Sheet Set includes (1) Patented semi-fitted top sheet W-68” x L-98”, (1) fitted sheet W-39” x L-75” X D-16”, (2)  pillow cases 20” x 30” SAGE GREEN - 50% OFF",Twin - $9.97,Sage Green,$9.97,$9.95,yes,0,,,,10,,
90,MainOfferFreeShippingTwinSandShellDISC,EBTWSDSHELL,,Twin,"Twin Microfiber Sheet Set includes (1) Patented semi-fitted top sheet W-68” x L-98”, (1) fitted sheet W-39” x L-75” X D-16”, (2)  pillow cases 20” x 30” SAND SHELL - 50% OFF",Twin - $9.97,Sand Shell,$9.97,$9.95,yes,0,,,,10,,
91,MainOfferFreeShippingTwinXLCreamDISC,MaintwinxlCream,,Twin XL,"Twin XL Microfiber Sheet Set includes (1) Patented semi-fitted top sheet W-68” x L-98”, (1) fitted sheet W-39” x L-80”x D-16”, (2) pillow cases 20” x 30” CREAM - 50% OFF",Twin XL - $19.97,Cream,$19.97,$9.95,yes,0,,,,10,,
92,MainOfferFreeShippingTwinXLCamelDISC,MaintwinXLCamel,,Twin XL,"Twin XL Microfiber Sheet Set includes (1) Patented semi-fitted top sheet W-68” x L-98”, (1) fitted sheet W-39” x L-80”x D-16”, (2) pillow cases 20” x 30” CAMEL - 50% OFF",Twin XL - $19.97,Camel,$19.97,$9.95,yes,0,,,,10,,
93,MainOfferFreeShippingTwinXLBrownDISC,MaintwinXLBrown,,Twin XL,"Twin XL Microfiber Sheet Set includes (1) Patented semi-fitted top sheet W-68” x L-98”, (1) fitted sheet W-39” x L-80”x D-16”, (2) pillow cases 20” x 30” BROWN - 50% OFF",Twin XL - $19.97,Brown,$19.97,$9.95,yes,0,,,,10,,
94,MainOfferFreeShippingTwinXLBlueDISC,MaintwinXLBlue,,Twin XL,"Twin XL Microfiber Sheet Set includes (1) Patented semi-fitted top sheet W-68” x L-98”, (1) fitted sheet W-39” x L-80”x D-16”, (2) pillow cases 20” x 30” BLUE - 50% OFF",Twin XL - $19.97,Blue,$19.97,$9.95,yes,0,,,,10,,
95,MainOfferFreeShippingTwinXLBurgundyDISC,MaintwinXLBurgundy,,Twin XL,"Twin XL Microfiber Sheet Set includes (1) Patented semi-fitted top sheet W-68” x L-98”, (1) fitted sheet W-39” x L-80”x D-16”, (2) pillow cases 20” x 30” BURGUNDY - 50% OFF",Twin XL - $19.97,Burgundy,$19.97,$9.95,yes,0,,,,10,,
96,MainOfferFreeShippingTwinXLWhiteDISC,MaintwinXLWhite,,Twin XL,"Twin XL Microfiber Sheet Set includes (1) Patented semi-fitted top sheet W-68” x L-98”, (1) fitted sheet W-39” x L-80”x D-16”, (2) pillow cases 20” x 30” WHITE - 50% OFF",Twin XL - $19.97,White,$19.97,$9.95,yes,0,,,,10,,
97,MainOfferFreeShippingTwinXLLavenderDISC,MaintwinXLLav,,Twin XL,"Twin XL Microfiber Sheet Set includes (1) Patented semi-fitted top sheet W-68” x L-98”, (1) fitted sheet W-39” x L-80”x D-16”, (2) pillow cases 20” x 30” LAVENDER - 50% OFF",Twin XL - $19.97,Lavender,$19.97,$9.95,yes,0,,,,10,,
98,MainOfferFreeShippingTwinXLDarkGrayDISC,MaintwinXLDKGRAY,,Twin XL,"Twin XL Microfiber Sheet Set includes (1) Patented semi-fitted top sheet W-68” x L-98”, (1) fitted sheet W-39” x L-80”x D-16”, (2) pillow cases 20” x 30” DARK GRAY - 50% OFF",Twin XL - $19.97,Dark Gray,$19.97,$9.95,yes,0,,,,10,,
99,MainOfferFreeShippingTwinXLSageGreenDISC,MaintwinXLSGGREEN,,Twin XL,"Twin XL Microfiber Sheet Set includes (1) Patented semi-fitted top sheet W-68” x L-98”, (1) fitted sheet W-39” x L-80”x D-16”, (2) pillow cases 20” x 30” SAGE GREEN - 50% OFF",Twin XL - $19.97,Sage Green,$19.97,$9.95,yes,0,,,,10,,
100,MainOfferFreeShippingTwinXLSandShellDISC,MaintwinXLSDSHELL,,Twin XL,"Twin XL Microfiber Sheet Set includes (1) Patented semi-fitted top sheet W-68” x L-98”, (1) fitted sheet W-39” x L-80”x D-16”, (2) pillow cases 20” x 30” SAND SHELL - 50% OFF",Twin XL - $19.97,Sand Shell,$19.97,$9.95,yes,0,,,,10,,
101,MainOfferFreeShippingFullCreamDISC,EBFLCRMAINB,,Full,"Full Microfiber Sheet Set includes (1) Patented semi-fitted top sheet W-88” x L-98”, (1) fitted sheet W-54” x L-75"" x D-18”, (2) pillow cases 20” x 30” CREAM - 50% OFF",Full - $24.97,Cream,$24.97,$9.95,yes,0,,,,10,,
102,MainOfferFreeShippingFullCamelDISC,EBFLCMMAINB,,Full,"Full Microfiber Sheet Set includes (1) Patented semi-fitted top sheet W-88” x L-98”, (1) fitted sheet W-54” x L-75"" x D-18”, (2) pillow cases 20” x 30” CAMEL - 50% OFF",Full - $24.97,Camel,$24.97,$9.95,yes,0,,,,10,,
103,MainOfferFreeShippingFullBrownDISC,EBFLBWMAINB,,Full,"Full Microfiber Sheet Set includes (1) Patented semi-fitted top sheet W-88” x L-98”, (1) fitted sheet W-54” x L-75"" x D-18”, (2) pillow cases 20” x 30” BROWN - 50% OFF",Full - $24.97,Brown,$24.97,$9.95,yes,0,,,,10,,
104,MainOfferFreeShippingFullBlueDISC,EBFLBLMAINB,,Full,"Full Microfiber Sheet Set includes (1) Patented semi-fitted top sheet W-88” x L-98”, (1) fitted sheet W-54” x L-75"" x D-18”, (2) pillow cases 20” x 30” BLUE - 50% OFF",Full - $24.97,Blue,$24.97,$9.95,yes,0,,,,10,,
105,MainOfferFreeShippingFullBurgundyDISC,EBFLBRMAINB,,Full,"Full Microfiber Sheet Set includes (1) Patented semi-fitted top sheet W-88” x L-98”, (1) fitted sheet W-54” x L-75"" x D-18”, (2) pillow cases 20” x 30” BURGUNDY - 50% OFF",Full - $24.97,Burgundy,$24.97,$9.95,yes,0,,,,10,,
106,MainOfferFreeShippingFullWhiteDISC,MainFullWhite,,Full,"Full Microfiber Sheet Set includes (1) Patented semi-fitted top sheet W-88” x L-98”, (1) fitted sheet W-54” x L-75"" x D-18”, (2) pillow cases 20” x 30” WHITE - 50% OFF",Full - $24.97,White,$24.97,$9.95,yes,0,,,,10,,
107,MainOfferFreeShippingFullLavenderDISC,MainFullLav,,Full,"Full Microfiber Sheet Set includes (1) Patented semi-fitted top sheet W-88” x L-98”, (1) fitted sheet W-54” x L-75"" x D-18”, (2) pillow cases 20” x 30” LAVENDER - 50% OFF",Full - $24.97,Lavender,$24.97,$9.95,yes,0,,,,10,,
108,MainOfferFreeShippingFullDarkGrayDISC,EBFLDKGRAYMAINB,,Full,"Full Microfiber Sheet Set includes (1) Patented semi-fitted top sheet W-88” x L-98”, (1) fitted sheet W-54” x L-75"" x D-18”, (2) pillow cases 20” x 30” DARK GRAY - 50% OFF",Full - $24.97,Dark Gray,$24.97,$9.95,yes,0,,,,10,,
109,MainOfferFreeShippingFullSageGreenDISC,MainFullSGGREEN,,Full,"Full Microfiber Sheet Set includes (1) Patented semi-fitted top sheet W-88” x L-98”, (1) fitted sheet W-54” x L-75"" x D-18”, (2) pillow cases 20” x 30” SAGE GREEN - 50% OFF",Full - $24.97,Sage Green,$24.97,$9.95,yes,0,,,,10,,
110,MainOfferFreeShippingFullSandShellDISC,MainFullSDSHELL,,Full,"Full Microfiber Sheet Set includes (1) Patented semi-fitted top sheet W-88” x L-98”, (1) fitted sheet W-54” x L-75"" x D-18”, (2) pillow cases 20” x 30” SAND SHELL - 50% OFF",Full - $24.97,Sand Shell,$24.97,$9.95,yes,0,,,,10,,
111,MainOfferFreeShippingQueenCreamDISC,EBQNCRMAINB,,Queen,"Queen Microfiber Sheet Set includes (1) Patented semi-fitted top sheet W-94” x L-108”, (1) fitted sheet W-60” x L-80” x D-18”, (2) pillow cases 20” x 30” CREAM - 50% OFF",Queen - $29.97,Cream,$29.97,$9.95,yes,0,,,,10,,
112,MainOfferFreeShippingQueenCamelDISC,EBQNCMMAINB,,Queen,"Queen Microfiber Sheet Set includes (1) Patented semi-fitted top sheet W-94” x L-108”, (1) fitted sheet W-60” x L-80” x D-18”, (2) pillow cases 20” x 30” CAMEL - 50% OFF",Queen - $29.97,Camel,$29.97,$9.95,yes,0,,,,10,,
113,MainOfferFreeShippingQueenBrownDISC,EBQNBWMAINB,,Queen,"Queen Microfiber Sheet Set includes (1) Patented semi-fitted top sheet W-94” x L-108”, (1) fitted sheet W-60” x L-80” x D-18”, (2) pillow cases 20” x 30” BROWN - 50% OFF",Queen - $29.97,Brown,$29.97,$9.95,yes,0,,,,10,,
114,MainOfferFreeShippingQueenBlueDISC,EBQNBLMAINB,,Queen,"Queen Microfiber Sheet Set includes (1) Patented semi-fitted top sheet W-94” x L-108”, (1) fitted sheet W-60” x L-80” x D-18”, (2) pillow cases 20” x 30” BLUE - 50% OFF",Queen - $29.97,Blue,$29.97,$9.95,yes,0,,,,10,,
115,MainOfferFreeShippingQueenBurgundyDISC,EBQNBRMAINB,,Queen,"Queen Microfiber Sheet Set includes (1) Patented semi-fitted top sheet W-94” x L-108”, (1) fitted sheet W-60” x L-80” x D-18”, (2) pillow cases 20” x 30” BURGUNDY - 50% OFF",Queen - $29.97,Burgundy,$29.97,$9.95,yes,0,,,,10,,
116,MainOfferFreeShippingQueenWhiteDISC,MainQueenWhite,,Queen,"Queen Microfiber Sheet Set includes (1) Patented semi-fitted top sheet W-94” x L-108”, (1) fitted sheet W-60” x L-80” x D-18”, (2) pillow cases 20” x 30” WHITE - 50% OFF",Queen - $29.97,White,$29.97,$9.95,yes,0,,,,10,,
117,MainOfferFreeShippingQueenLavenderDISC,MainQueenLav,,Queen,"Queen Microfiber Sheet Set includes (1) Patented semi-fitted top sheet W-94” x L-108”, (1) fitted sheet W-60” x L-80” x D-18”, (2) pillow cases 20” x 30” LAVENDER - 50% OFF",Queen - $29.97,Lavender,$29.97,$9.95,yes,0,,,,10,,
118,MainOfferFreeShippingQueenDarkGrayDISC,EBQNDKGRAYMAINB,,Queen,"Queen Microfiber Sheet Set includes (1) Patented semi-fitted top sheet W-94” x L-108”, (1) fitted sheet W-60” x L-80” x D-18”, (2) pillow cases 20” x 30” DARK GRAY - 50% OFF",Queen - $29.97,Dark Gray,$29.97,$9.95,yes,0,,,,10,,
119,MainOfferFreeShippingQueenSageGreenDISC,MainQueenSGGREEN,,Queen,"Queen Microfiber Sheet Set includes (1) Patented semi-fitted top sheet W-94” x L-108”, (1) fitted sheet W-60” x L-80” x D-18”, (2) pillow cases 20” x 30” SAGE GREEN - 50% OFF",Queen - $29.97,Sage Green,$29.97,$9.95,yes,0,,,,10,,
120,MainOfferFreeShippingQueenSandShellDISC,MainQueenSDSHELL,,Queen,"Queen Microfiber Sheet Set includes (1) Patented semi-fitted top sheet W-94” x L-108”, (1) fitted sheet W-60” x L-80” x D-18”, (2) pillow cases 20” x 30” SAND SHELL - 50% OFF",Queen - $29.97,Sand Shell,$29.97,$9.95,yes,0,,,,10,,
121,MainOfferFreeShippingKingCreamDISC,EBKGCRMAINB,,King,"King Microfiber Sheet Set includes (1) Patented semi-fitted top sheet W-112” x L-108”, (1) fitted sheet W-78” x L-80” x D-18”, (2) pillow cases 20” x 40” CREAM - 50% OFF",King - $34.97,Cream,$34.97,$9.95,yes,0,,,,10,,
122,MainOfferFreeShippingKingCamelDISC,EBKGCMMAINB,,King,"King Microfiber Sheet Set includes (1) Patented semi-fitted top sheet W-112” x L-108”, (1) fitted sheet W-78” x L-80” x D-18”, (2) pillow cases 20” x 40” CAMEL - 50% OFF",King - $34.97,Camel,$34.97,$9.95,yes,0,,,,10,,
123,MainOfferFreeShippingKingBrownDISC,EBKGBWMAINB,,King,"King Microfiber Sheet Set includes (1) Patented semi-fitted top sheet W-112” x L-108”, (1) fitted sheet W-78” x L-80” x D-18”, (2) pillow cases 20” x 40” BROWN - 50% OFF",King - $34.97,Brown,$34.97,$9.95,yes,0,,,,10,,
124,MainOfferFreeShippingKingBlueDISC,EBKGBLMAINB,,King,"King Microfiber Sheet Set includes (1) Patented semi-fitted top sheet W-112” x L-108”, (1) fitted sheet W-78” x L-80” x D-18”, (2) pillow cases 20” x 40” BLUE - 50% OFF",King - $34.97,Blue,$34.97,$9.95,yes,0,,,,10,,
125,MainOfferFreeShippingKingBurgundyDISC,EBKGBRMAINB,,King,"King Microfiber Sheet Set includes (1) Patented semi-fitted top sheet W-112” x L-108”, (1) fitted sheet W-78” x L-80” x D-18”, (2) pillow cases 20” x 40” BURGUNDY - 50% OFF",King - $34.97,Burgundy,$34.97,$9.95,yes,0,,,,10,,
126,MainOfferFreeShippingKingWhiteDISC,MainKingWhite,,King,"King Microfiber Sheet Set includes (1) Patented semi-fitted top sheet W-112” x L-108”, (1) fitted sheet W-78” x L-80” x D-18”, (2) pillow cases 20” x 40” WHITE - 50% OFF",King - $34.97,White,$34.97,$9.95,yes,0,,,,10,,
127,MainOfferFreeShippingKingLavenderDISC,MainKingLav,,King,"King Microfiber Sheet Set includes (1) Patented semi-fitted top sheet W-112” x L-108”, (1) fitted sheet W-78” x L-80” x D-18”, (2) pillow cases 20” x 40” LAVENDER - 50% OFF",King - $34.97,Lavender,$34.97,$9.95,yes,0,,,,10,,
128,MainOfferFreeShippingKingDarkGrayDISC,EBKGDKGRAYMAINB,,King,"King Microfiber Sheet Set includes (1) Patented semi-fitted top sheet W-112” x L-108”, (1) fitted sheet W-78” x L-80” x D-18”, (2) pillow cases 20” x 40” DARK GRAY - 50% OFF",King - $34.97,Dark Gray,$34.97,$9.95,yes,0,,,,10,,
129,MainOfferFreeShippingKingSageGreenDISC,MainKingSGGREEN,,King,"King Microfiber Sheet Set includes (1) Patented semi-fitted top sheet W-112” x L-108”, (1) fitted sheet W-78” x L-80” x D-18”, (2) pillow cases 20” x 40” SAGE GREEN - 50% OFF",King - $34.97,Sage Green,$34.97,$9.95,yes,0,,,,10,,
130,MainOfferFreeShippingKingSandShellDISC,MainKingSDSHELL,,King,"King Microfiber Sheet Set includes (1) Patented semi-fitted top sheet W-112” x L-108”, (1) fitted sheet W-78” x L-80” x D-18”, (2) pillow cases 20” x 40” SAND SHELL - 50% OFF",King - $34.97,Sand Shell,$34.97,$9.95,yes,0,,,,10,,
131,MainOfferFreeShippingCaCreamDISC,EBCACRMAINB,,California King,"CA -King Microfiber Sheet Set includes (1) Patented semi-fitted top sheet W-108” x L-110”, (1) fitted sheet W-72” x L-84” x D-18”, (2) pillow cases 20” x 40” CREAM - 50% OFF",California King - $39.97,Cream,$39.97,$9.95,yes,0,,,,10,,
132,MainOfferFreeShippingCaCamelDISC,EBCACMMAINB,,California King,"CA -King Microfiber Sheet Set includes (1) Patented semi-fitted top sheet W-108” x L-110”, (1) fitted sheet W-72” x L-84” x D-18”, (2) pillow cases 20” x 40” CAMEL - 50% OFF",California King - $39.97,Camel,$39.97,$9.95,yes,0,,,,10,,
133,MainOfferFreeShippingCaBrownDISC,EBCABWMAINB,,California King,"CA -King Microfiber Sheet Set includes (1) Patented semi-fitted top sheet W-108” x L-110”, (1) fitted sheet W-72” x L-84” x D-18”, (2) pillow cases 20” x 40” BROWN - 50% OFF",California King - $39.97,Brown,$39.97,$9.95,yes,0,,,,10,,
134,MainOfferFreeShippingCaBlueDISC,EBCABLMAINB,,California King,"CA -King Microfiber Sheet Set includes (1) Patented semi-fitted top sheet W-108” x L-110”, (1) fitted sheet W-72” x L-84” x D-18”, (2) pillow cases 20” x 40” BLUE - 50% OFF",California King - $39.97,Blue,$39.97,$9.95,yes,0,,,,10,,
135,MainOfferFreeShippingCaBurgundyDISC,EBCABRMAINA,,California King,"CA -King Microfiber Sheet Set includes (1) Patented semi-fitted top sheet W-108” x L-110”, (1) fitted sheet W-72” x L-84” x D-18”, (2) pillow cases 20” x 40” BURGUNDY - 50% OFF",California King - $39.97,Burgundy,$39.97,$9.95,yes,0,,,,10,,
136,MainOfferFreeShippingCaWhiteDISC,MainCAWhite,,California King,"CA -King Microfiber Sheet Set includes (1) Patented semi-fitted top sheet W-108” x L-110”, (1) fitted sheet W-72” x L-84” x D-18”, (2) pillow cases 20” x 40” WHITE - 50% OFF",California King - $39.97,White,$39.97,$9.95,yes,0,,,,10,,
137,MainOfferFreeShippingCaLavenderDISC,MainCALav,,California King,"CA -King Microfiber Sheet Set includes (1) Patented semi-fitted top sheet W-108” x L-110”, (1) fitted sheet W-72” x L-84” x D-18”, (2) pillow cases 20” x 40” LAVENDER - 50% OFF",California King - $39.97,Lavender,$39.97,$9.95,yes,0,,,,10,,
138,MainOfferFreeShippingCaDarkGrayDISC,EBCADKGRAYMAINA,,California King,"CA -King Microfiber Sheet Set includes (1) Patented semi-fitted top sheet W-108” x L-110”, (1) fitted sheet W-72” x L-84” x D-18”, (2) pillow cases 20” x 40” DARK GRAY - 50% OFF",California King - $39.97,Dark Gray,$39.97,$9.95,yes,0,,,,10,,
139,MainOfferFreeShippingCaSageGreenDISC,MainCASGGREEN,,California King,"CA -King Microfiber Sheet Set includes (1) Patented semi-fitted top sheet W-108” x L-110”, (1) fitted sheet W-72” x L-84” x D-18”, (2) pillow cases 20” x 40” SAGE GREEN - 50% OFF",California King - $39.97,Sage Green,$39.97,$9.95,yes,0,,,,10,,
140,MainOfferFreeShippingCaSandShellDISC,MainCASDSHELL,,California King,"CA -King Microfiber Sheet Set includes (1) Patented semi-fitted top sheet W-108” x L-110”, (1) fitted sheet W-72” x L-84” x D-18”, (2) pillow cases 20” x 40” SAND SHELL - 50% OFF",California King - $39.97,Sand Shell,$39.97,$9.95,yes,0,,,,10,,
141,BlanketTwin/TwinXLPinkLeopardDISC,TwinBlankPL,,Twin/Twin XL,"Effortless Patented Semi-fitted Plush Blanket Twin/TwinXL W-68” x L-98"" Pink Leopard - 50% OFF",Twin/Twin XL - $39.97,Pink Leopard Blanket,$39.97,$9.95,yes,0,,,,10,,
142,BlanketFullPinkLeopardDISC,FullBlankPL,,Full,Effortless Patented Semi-fitted Plush Blanket Full W-88” x L-98” Pink Leopard - 50% OFF,Full - $39.97,Leopard,$39.97,$9.95,yes,0,,,,10,,
143,BlanketQueenPinkLeopardDISC,QueenBlankL,,Queen,Effortless Patented Semi-fitted Plush Blanket Queen W-94” x L-108” Pink Leopard - 50% OFF,Queen - $39.97,Leopard,$39.97,$9.95,yes,0,,,,10,,
144,BlanketKingPinkLeopardDISC,KingBlankL,,King,Effortless Patented Semi-fitted Plush Blanket King W-112” x L-108”  Pink Leopard - 50% OFF,King - $44.97,Leopard,$44.97,$9.95,yes,0,,,,10,,
145,BlanketCAKingPinkLeopardDISC,CABlankL,,California King,Effortless Patented Semi-fitted Plush Blanket CA King W-108” x L-110” Pink Leopard - 50% OFF,California King - $44.97,Leopard,$44.97,$9.95,yes,0,,,,10,,
146,BlanketTwin/TwinXLSandShellDISC,TwinBlankSand,,Twin/Twin XL,"Effortless Patented Semi-fitted Plush Blanket Blanket Twin/TwinXL W-68” x L-98"" Sand Shell - 50% OFF",Twin/Twin XL - $39.97,Sand,$39.97,$9.95,yes,0,,,,10,,
147,BlanketFullSandShellDISC,FullBlankSand,,Full,Effortless Patented Semi-fitted Plush Blanket Blanket Full W-88” x L-98” Sand Shell - 50% OFF,Full - $39.97,Sand,$39.97,$9.95,yes,0,,,,10,,
148,BlanketQueenSandShellDISC,QueenBlankSand,,Queen,Effortless Patented Semi-fitted Plush Blanket Blanket Queen W-94” x L-108” Sand Shell - 50% OFF,Queen - $39.97,Sand,$39.97,$9.95,yes,0,,,,10,,
149,BlanketKingSandShellDISC,KingBlankSand,,King,Effortless Patented Semi-fitted Plush Blanket Blanket King W-112” x L-108” Sand Shell - 50% OFF,King - $44.97,Sand,$44.97,$9.95,yes,0,,,,10,,
150,BlanketCAKingSandShellDISC,CABlankSand,,California King,Effortless Patented Semi-fitted Plush Blanket CA King W-108” x L-110” Sand Shell - 50% OFF,California King - $44.97,Sand,$44.97,$9.95,yes,0,,,,10,,
151,BlanketTwin/TwinXLBlueDISC,TwinBlankBlue,,Twin/Twin XL,"Effortless Patented Semi-fitted Plush Blanket Twin/TwinXL W-68” x L-98"" Blue - 50% OFF",Twin/Twin XL - $39.97,Blue,$39.97,$9.95,yes,0,,,,10,,
152,BlanketFullBlueDISC,FullBlankBlue,,Full,Effortless Patented Semi-fitted Plush Blanket Blanket Full W-88” x L-98” Blue - 50% OFF,Full - $39.97,Blue,$39.97,$9.95,yes,0,,,,10,,
153,BlanketQueenBlueDISC,QueenBlankBlue,,Queen,Effortless Patented Semi-fitted Plush Blanket Blanket Queen W-94” x L-108” Blue - 50% OFF,Queen - $39.97,Blue,$39.97,$9.95,yes,0,,,,10,,
154,BlanketKingBlueDISC,KingBlankBlue,,King,Effortless Patented Semi-fitted Plush Blanket Blanket King W-112” x L-108” Blue - 50% OFF,King - $44.97,Blue,$44.97,$9.95,yes,0,,,,10,,
155,BlanketCAKingBlueDISC,CABlankBlue,,California King,Effortless Patented Semi-fitted Plush Blanket Blanket CA King W-108” x L-110” Blue - 50% OFF,California King - $44.97,Blue,$44.97,$9.95,yes,0,,,,10,,
156,ChamberPillowQueenMD,CPQMMAIN,,Standard/Queen - Medium,Chamber Pillow Standard/Queen Size - Medium 50% White Duck Feather & 50% White Duck Down,Standard/Queen - Medium - $89.95,Pillow,$89.95,$9.95,yes,1,,,,10,,
157,ChamberPillowKingMD,CPKMMAIN,,King - Medium,Chamber Pillow King Size - Medium 50% White Duck Feather & 50% White Duck Down,King - Medium - $109.95,Pillow,$109.95,$9.95,yes,1,,,,10,,
158,ChamberPillowQueenFRM,CPQFMAIN,,Standard/Queen - Firm,Chamber Pillow Standard/Queen Size - Firm 50% White Duck Feather & 50% White Duck Down,Standard/Queen - Firm - $89.95,Pillow,$89.95,$9.95,yes,1,,,,0,,
159,ChamberPillowKingFRM,CPKFMAIN,,King - Firm,Chamber Pillow King Size - Firm 50% White Duck Feather & 50% White Duck Down,King - Firm - $109.95,Pillow,$109.95,$9.95,yes,1,,,,10,,
160,PillowProtectorQueen,PPQMAIN,,Standard/Queen,Pillow Protector with Zipper Standard/Queen Size 300t/c 100% Cotton ( set of 2),Standard/Queen - $24.95,Protector,$24.95,$9.95,yes,1,,,,10,,
161,PillowProtectorKing,PPKMAIN,,King,Pillow Protector with Zipper King Size 300t/c 100% Cotton ( set of 2),King - $34.95,Protector,$34.95,$9.95,yes,1,,,,10,,
162,PillowCaseQueen,PCQMAIN,,Standard/Queen,Pillow Case with Zipper Standard/Queen Leopard Print 100% Plush Polyester,Standard/Queen - $24.95,Case,$24.95,$9.95,yes,1,,,,10,,
163,ThrowPillowStandard,TPSMAIN,,"Standard/20"" x 26""",Throw Pillow Size Standard Leopard Print 100% Plush Polyester,"Standard/20"" x 26"" - $29.95",Pillow,$29.95,$9.95,yes,1,,,,10,,
164,ThrowPillowQueen,TPQMAIN,,"Queen/20"" x 30""",Throw Pillow Size Queen Leopard Print 100% Plush Polyester,"Queen/20"" x 30"" - $34.95",Pillow,$34.95,$9.95,yes,1,,,,10,,
165,ThrowPillowKing,TPKMAIN,,"King/20"" x 36""",Throw Pillow Size King Leopard Print 100% Plush Polyester,"King/20"" x 36"" - $39.95",Pillow,$39.95,$9.95,yes,1,,,,10,,
166,ChamberPillowQueenMDDISC,CPQMMAIN,,Standard/Queen - Medium,Chamber Pillow Standard/Queen Size - Medium 50% White Duck Feather & 50% White Duck Down - 50% OFF,Standard/Queen - Medium - $44.97,Pillow,$44.97,$9.95,yes,0,,,,10,,
167,ChamberPillowKingMDDISC,CPKMMAIN,,King - Medium,Chamber Pillow King Size - Medium 50% White Duck Feather & 50% White Duck Down - 50% OFF,King - Medium - $54.97,Pillow,$54.97,$9.95,yes,0,,,,10,,
168,ChamberPillowQueenFRMDISC,CPQFMMAIN,,Standard/Queen - Firm,Chamber Pillow Standard/Queen Size - Firm 50% White Duck Feather & 50% White Duck Down - 50% OFF,Standard/Queen - Firm - $44.97,Pillow,$44.97,$9.95,yes,0,,,,10,,
169,ChamberPillowKingFRMDISC,CPQFMAIN,,King - Firm,Chamber Pillow King Size - Firm 50% White Duck Feather & 50% White Duck Down - 50% OFF,King - Firm - $54.97,Pillow,$54.97,$9.95,yes,0,,,,10,,
170,PillowProtectorQueenDISC,PPQMAIN,,Standard/Queen,Pillow Protector with Zipper Standard/Queen Size 300t/c 100% Cotton ( set of 2) - 50% OFF,Standard/Queen - $12.47,Protector,$12.47,$9.95,yes,0,,,,10,,
171,PillowProtectorKingDISC,PPKMAIN,,King,Pillow Protector with Zipper King Size 300t/c 100% Cotton ( set of 2) - 50% OFF,King - $17.47,Protector,$17.47,$9.95,yes,0,,,,10,,
172,PillowCaseQueenDISC,PCQMAIN,,Standard/Queen,Pillow Case with Zipper Standard/Queen Leopard Print 100% Plush Polyester - 50% OFF,Standard/Queen - $12.47,Case,$12.47,$9.95,yes,0,,,,10,,
173,ThrowPillowStandardDISC,TPSMAIN,,"Standard/20"" x 26""",Throw Pillow Size Standard Leopard Print 100% Plush Polyester - 50% OFF,"Standard/20"" x 26"" - $14.97",Pillow,$14.97,$9.95,yes,0,,,,10,,
174,ThrowPillowQueenDISC,TPQMAIN,,"Queen/20"" x 30""",Throw Pillow Size Queen Leopard Print 100% Plush Polyester - 50% OFF,"Queen/20"" x 30"" - $17.47",Pillow,$17.47,$9.95,yes,0,,,,10,,
175,ThrowPillowKingDISC,TPKMAIN,,"King/20"" x 36""",Throw Pillow Size King Leopard Print 100% Plush Polyester - 50% OFF,"King/20"" x 36"" - $19.47",Pillow,$19.97,$9.95,yes,0,,,,10,,
176,MainOfferTwinWhite,EGYTWINWHITE,,Twin,"Twin 100% Cotton Sheet Set includes (1) Patented semi-fitted top sheet W-68” x L-98” (1) fitted sheet W-39” x L-75"" x D-16”, (2) pillowcases 20” x 32” WHITE",Twin - $124.95,White,$124.95,$9.95,yes,1,,,,1,,
177,MainOfferTwinXLWhite,EGYTWINXLWHITE,,Twin XL,"TwinXL 100% Cotton Sheet Set includes (1) Patented semi-fitted top sheet W-68” x L-98” (1) fitted sheet W-39” x L-80"" x D-16”, (2) pillowcases 20” x 32” WHITE",TwinXL - $129.95,White,$129.95,$9.95,yes,1,,,,0,,
178,MainOfferKingWhite,EGYKNGWHITE,,King,"King 100% Cotton Sheet Set includes (1) Patented semi-fitted top sheet W-112” x L-108” (1) fitted sheet W-78"" x L-80"" x D-18"", (2) pillowcases 20” x 40” WHITE",King - $179.95,White,$179.95,$9.95,yes,1,,,,1,,
179,MainOfferCaliKingWhite,EGYCALKNGWHITE,,CA King,"California King 100% Cotton Sheet Set includes (1) Patented semi-fitted top sheet W-108” x L-110” (1) fitted sheet W-72"" x L-84"" x D-18"", (2) pillowcases 20” x 40” WHITE",CA King - $209.95,White,$209.95,$9.95,yes,1,,,,1,,
180,MainOfferSltCalWhite,EGYSLTCALWHITE,,Split California,"Split California 100% Cotton Sheet Set includes (1) Patented semi-fitted top sheet W-110” x L-106” (2) fitted sheets W-39” x L-84”x D-16”, (2) pillowcases 20” x 40” WHITE",Split California - $209.95,White,$209.95,$9.95,yes,1,,,,1,,
181,MainOfferSltKingWhite,EGYSLTKNGWHITE,,Split King,"Split King 100% Cotton Sheet Set includes (1) Patented semi-fitted top sheet W-110” x L-106” (2) fitted sheets W-39” x L-80” X D-16”, (2) pillowcases 20” x 40” WHITE",Split King - $209.95,White,$209.95,$9.95,yes,1,,,,1,,
182,MainOfferFullWhite,EGYFULLWHITE,,Full,"Full 100% Cotton Sheet Set includes (1) Patented semi-fitted top sheet W-88” x L-98” (1) fitted sheet W-54” x L-75"" x D-18”, (2) pillowcases 20” x 30” WHITE",Full - $134.95,White,$134.95,$9.95,yes,1,,,,0,,
183,MainOfferQueenWhite,EGYQNWHITE,,Queen,"Queen 100% Cotton Sheet Set includes (1) Patented semi-fitted top sheet W-94” x L-108” (1) fitted sheet W-60” x L-80” x D-18”, (2) pillowcases 20” x 30” WHITE ",Queen - $159.95,White,$159.95,$9.95,yes,1,,,,1,,
184,MainOffeTwinSandshell,EGYTWINSANDSHELL,,Twin,"Twin 100% Cotton Sheet Set includes (1) Patented semi-fitted top sheet W-68” x L-98” (1) fitted sheet W-39” x L-75"" x D-16”, (2) pillowcases 20” x 32” SAND SHELL",Twin - $124.95,Sandshell,$124.95,$9.95,yes,1,,,,1,,
185,MainOfferTwinXLSandshell,EGYTWINXLSANDSHELL,,Twin XL,"TwinXL 100% Cotton Sheet Set includes (1) Patented semi-fitted top sheet W-68” x L-98” (1) fitted sheet W-39” x L-80"" x D-16”, (2) pillowcases 20” x 32” SAND SHELL",TwinXL - $129.95,Sandshell,$129.95,$9.95,yes,1,,,,0,,
186,MainOfferFullSandshell,EGYFULLSANDSHELL,,Full,"Full 100% Cotton Sheet Set includes (1) Patented semi-fitted top sheet W-88” x L-98” (1) fitted sheet W-54” x L-75"" x D-18”, (2) pillowcases 20” x 30” SAND SHELL",Full - $134.95,Sandshell,$134.95,$9.95,yes,1,,,,1,,
187,MainOfferQueenSandshell,EGYQNSANDSHELL,,Queen,"Queen 100% Cotton Sheet Set includes (1) Patented semi-fitted top sheet W-94” x L-108” (1) fitted sheet W-60” x L-80” x D-18”, (2) pillowcases 20” x 30” SAND SHELL ",Queen - $159.95,Sandshell,$159.95,$9.95,yes,1,,,,1,,
188,MainOfferKingSandshell,EGYKNGSANDSHELL,,King,"King 100% Cotton Sheet Set includes (1) Patented semi-fitted top sheet W-112” x L-108” (1) fitted sheet W-78"" x L-80"" x D-18"", (2) pillowcases 20” x 40” SAND SHELL",King - $179.95,Sandshell,$179.95,$9.95,yes,1,,,,1,,
189,MainOfferCaliKingSandshell,EGYCALKNGSANDSHELL,,CA King,"California King 100% Cotton Sheet Set includes (1) Patented semi-fitted top sheet W-108” x L-110” (1) fitted sheet W-72"" x L-84"" x D-18"", (2) pillowcases 20” x 40” SAND SHELL",CA King - $209.95,Sandshell,$209.95,$9.95,yes,1,,,,1,,
190,MainOfferSltCalSandshell,EGYSLTCALSANDSHELL,,Split California,"Split California 100% Cotton Sheet Set includes (1) Patented semi-fitted top sheet W-110” x L-106” (2) fitted sheets W-39” x L-84”x D-16”, (2) pillowcases 20” x 40” SAND SHELL",Split California - $209.95,Sandshell,$209.95,$9.95,yes,1,,,,1,,
191,MainOfferSltKingSandshell,EGYSLTKNGSANDSHELL,,Split King,"Split King 100% Cotton Sheet Set includes (1) Patented semi-fitted top sheet W-110” x L-106” (2) fitted sheets W-39” x L-80” X D-16”, (2) pillowcases 20” x 40” SAND SHELL",Split King - $209.95,Sandshell,$209.95,$9.95,yes,1,,,,1,,
192,MainOfferTwinILLBlue,EGYTWINILLBLUE,,Twin,"Twin 100% Cotton Sheet Set includes (1) Patented semi-fitted top sheet W-68” x L-98” (1) fitted sheet W-39” x L-75"" x D-16”, (2) pillowcases 20” x 32” ILLUSION BLUE",Twin - $124.95,Illusion Blue,$124.95,$9.95,yes,1,,,,1,,
193,MainOfferTwinXLILLBlue,EGYTWINXLILLBLUE,,Twin XL,"TwinXL 100% Cotton Sheet Set includes (1) Patented semi-fitted top sheet W-68” x L-98” (1) fitted sheet W-39” x L-80"" x D-16”, (2) pillowcases 20” x 32” ILLUSION BLUE",TwinXL - $129.95,Illusion Blue,$129.95,$9.95,yes,1,,,,1,,
194,MainOfferFullILLBlue,EGYFULLILLBLUE,,Full,"Full 100% Cotton Sheet Set includes (1) Patented semi-fitted top sheet W-88” x L-98” (1) fitted sheet W-54” x L-75"" x D-18”, (2) pillowcases 20” x 30” ILLUSION BLUE",Full - $134.95,Illusion Blue,$134.95,$9.95,yes,1,,,,1,,
195,MainOfferQueenILLBlue,EGYQNILLBLUE,,Queen,"Queen 100% Cotton Sheet Set includes (1) Patented semi-fitted top sheet W-94” x L-108” (1) fitted sheet W-60” x L-80” x D-18”, (2) pillowcases 20” x 30” ILLUSION BLUE",Queen - $159.95,Illusion Blue,$159.95,$9.95,yes,1,,,,1,,
196,MainOfferKingILLBlue,EGYKNGILLBLUE,,King,"King 100% Cotton Sheet Set includes (1) Patented semi-fitted top sheet W-112” x L-108” (1) fitted sheet W-78"" x L-80"" x D-18"", (2) pillowcases 20” x 40” ILLUSION BLUE",King - $179.95,Illusion Blue,$179.95,$9.95,yes,1,,,,1,,
197,MainOfferCaliKingILLBlue,EGYCALKNGILLBLUE,,CA King,"California King 100% Cotton Sheet Set includes (1) Patented semi-fitted top sheet W-108” x L-110” (1) fitted sheet W-72"" x L-84"" x D-18"", (2) pillowcases 20” x 40” ILLUSION BLUE",CA King - $209.95,Illusion Blue,$209.95,$9.95,yes,1,,,,1,,
198,MainOfferSltCaLILLBlue,EGYSLTCALILLBLUE,,Split California,"Split California 100% Cotton Sheet Set includes (1) Patented semi-fitted top sheet W-110” x L-106” (2) fitted sheets W-39” x L-84”x D-16”, (2) pillowcases 20” x 40” ILLUSION BLUE",Split California - $209.95,Illusion Blue,$209.95,$9.95,yes,1,,,,1,,
199,MainOfferSltKingILLBlue,EGYSLTKNGILLBLUE,,Split King,"Split King 100% Cotton Sheet Set includes (1) Patented semi-fitted top sheet W-110” x L-106” (2) fitted sheets W-39” x L-80” X D-16”, (2) pillowcases 20” x 40” ILLUSION BLUE",Split King - $209.95,Illusion Blue,$209.95,$9.95,yes,1,,,,1,,
200,MainOfferTwinWhiteDISC,EGYTWINWHITE,,Twin,"Twin 100% Cotton Sheet Set includes (1) Patented semi-fitted top sheet W-68” x L-98” (1) fitted sheet W-39” x L-75"" x D-16”, (2) pillowcases 20” x 32” WHITE - 50% OFF",Twin - $62.47,White,$62.47,$9.95,yes,0,,,,10,,
201,MainOfferTwinXLWhiteDISC,EGYTWINXLWHITE,,Twin XL,"TwinXL 100% Cotton Sheet Set includes (1) Patented semi-fitted top sheet W-68” x L-98” (1) fitted sheet W-39” x L-80"" x D-16”, (2) pillowcases 20” x 32” WHITE - 50% OFF",TwinXL - $64.97,White,$64.97,$9.95,yes,0,,,,10,,
202,MainOfferFullWhiteDISC,EGYFULLWHITE,,Full,"Full 100% Cotton Sheet Set includes (1) Patented semi-fitted top sheet W-88” x L-98” (1) fitted sheet W-54” x L-75"" x D-18”, (2) pillowcases 20” x 30” WHITE - 50% OFF",Full - $67.47,White,$67.47,$9.95,yes,0,,,,10,,
203,MainOfferQueenWhiteDISC,EGYQNWHITE,,Queen,"Queen 100% Cotton Sheet Set includes (1) Patented semi-fitted top sheet W-94” x L-108” (1) fitted sheet W-60” x L-80” x D-18”, (2) pillowcases 20” x 30” WHITE - 50% OFF",Queen - $79.97,White,$79.97,$9.95,yes,0,,,,10,,
204,MainOfferKingWhiteDISC,EGYKNGWHITE,,King,"King 100% Cotton Sheet Set includes (1) Patented semi-fitted top sheet W-112” x L-108” (1) fitted sheet W-78"" x L-80"" x D-18"", (2) pillowcases 20” x 40” WHITE - 50% OFF",King - $89.97,White,$89.97,$9.95,yes,0,,,,10,,
205,MainOfferCaliKingWhiteDISC,EGYCALKNGWHITE,,CA King,"California King 100% Cotton Sheet Set includes (1) Patented semi-fitted top sheet W-108” x L-110” (1) fitted sheet W-72"" x L-84"" x D-18"", (2) pillowcases 20” x 40” WHITE - 50% OFF",CA King - $104.97,White,$104.97,$9.95,yes,0,,,,10,,
206,MainOfferSltCalWhiteDISC,EGYSLTCALWHITE,,Split California,"Split California 100% Cotton Sheet Set includes (1) Patented semi-fitted top sheet W-110” x L-106” (2) fitted sheets W-39” x L-84”x D-16”, (2) pillowcases 20” x 40” WHITE - 50% OFF",Split California - $104.97,White,$104.97,$9.95,yes,0,,,,10,,
207,MainOfferSltKingWhiteDISC,EGYSLTKNGWHITE,,Split King,"Split King 100% Cotton Sheet Set includes (1) Patented semi-fitted top sheet W-110” x L-106” (2) fitted sheets W-39” x L-80” X D-16”, (2) pillowcases 20” x 40” WHITE - 50% OFF",Split King - $104.97,White,$104.97,$9.95,yes,0,,,,10,,
208,MainOfferFullSandshellDISC,EGYFULLSANDSHELL,,Full,"Full 100% Cotton Sheet Set includes (1) Patented semi-fitted top sheet W-88” x L-98” (1) fitted sheet W-54” x L-75"" x D-18”, (2) pillowcases 20” x 30” SAND SHELL - 50% OFF",Full - $67.47,Sandshell,$67.47,$9.95,yes,0,,,,10,,
209,MainOfferQueenSandshellDISC,EGYQNSANDSHELL,,Queen,"Queen 100% Cotton Sheet Set includes (1) Patented semi-fitted top sheet W-94” x L-108” (1) fitted sheet W-60” x L-80” x D-18”, (2) pillowcases 20” x 30” SAND SHELL - 50% OFF",Queen - $79.97,Sandshell,$79.97,$9.95,yes,0,,,,10,,
210,MainOfferKingSandshellDISC,EGYKNGSANDSHELL,,King,"King 100% Cotton Sheet Set includes (1) Patented semi-fitted top sheet W-112” x L-108” (1) fitted sheet W-78"" x L-80"" x D-18"", (2) pillowcases 20” x 40” SAND SHELL - 50% OFF",King - $89.97,Sandshell,$89.97,$9.95,yes,0,,,,10,,
211,MainOfferCaliKingSandshellDISC,EGYCALKNGSANDSHELL,,CA King,"California King 100% Cotton Sheet Set includes (1) Patented semi-fitted top sheet W-108” x L-110” (1) fitted sheet W-72"" x L-84"" x D-18"", (2) pillowcases 20” x 40” SAND SHELL - 50% OFF",CA King - $104.97,Sandshell,$104.97,$9.95,yes,0,,,,10,,
212,MainOfferSltCalSandshellDISC,EGYSLTCALSANDSHELL,,Split California,"Split California 100% Cotton Sheet Set includes (1) Patented semi-fitted top sheet W-110” x L-106” (2) fitted sheets W-39” x L-84”x D-16”, (2) pillowcases 20” x 40” SAND SHELL - 50% OFF",Split California - $104.97,Sandshell,$104.97,$9.95,yes,0,,,,10,,
213,MainOfferSltKingSandshellDISC,EGYSLTKNGSANDSHELL,,Split King,"Split King 100% Cotton Sheet Set includes (1) Patented semi-fitted top sheet W-110” x L-106” (2) fitted sheets W-39” x L-80” X D-16”, (2) pillowcases 20” x 40” SAND SHELL - 50% OFF",Split King - $104.97,Sandshell,$104.97,$9.95,yes,0,,,,10,,
214,MainOfferTwinSandshellDISC,EGYTWINSANDSHELL,,Twin,"Twin 100% Cotton Sheet Set includes (1) Patented semi-fitted top sheet W-68” x L-98” (1) fitted sheet W-39” x L-75"" x D-16”, (2) pillowcases 20” x 32” SAND SHELL - 50% OFF",Twin - $62.47,Sandshell,$62.47,$9.95,yes,0,,,,10,,
215,MainOfferTwinXLSandshellDISC,EGYTWINXLSANDSHELL,,Twin XL,"TwinXL 100% Cotton Sheet Set includes (1) Patented semi-fitted top sheet W-68” x L-98” (1) fitted sheet W-39” x L-80"" x D-16”, (2) pillowcases 20” x 32” SAND SHELL - 50% OFF",TwinXL - $64.97,Sandshell,$64.97,$9.95,yes,0,,,,10,,
216,MainOfferFuLLILLBlueDISC,EGYFULLILLBLUE,,Full,"Full 100% Cotton Sheet Set includes (1) Patented semi-fitted top sheet W-88” x L-98” (1) fitted sheet W-54” x L-75"" x D-18”, (2) pillowcases 20” x 30” ILLUSION BLUE - 50% OFF",Full - $67.47,Illusion Blue,$67.47,$9.95,yes,0,,,,10,,
217,MainOfferQueenILLBlueDISC,EGYQNILLBLUE,,Queen,"Queen 100% Cotton Sheet Set includes (1) Patented semi-fitted top sheet W-94” x L-108” (1) fitted sheet W-60” x L-80” x D-18”, (2) pillowcases 20” x 30” ILLUSION BLUE- 50% OFF",Queen - $79.97,Illusion Blue,$79.97,$9.95,yes,0,,,,10,,
218,MainOfferKingILLBlueDISC,EGYKNGILLBLUE,,King,"King 100% Cotton Sheet Set includes (1) Patented semi-fitted top sheet W-112” x L-108” (1) fitted sheet W-78"" x L-80"" x D-18"", (2) pillowcases 20” x 40” ILLUSION BLUE - 50% OFF",King - $89.97,Illusion Blue,$89.97,$9.95,yes,0,,,,10,,
219,MainOfferCaliKingILLBlueDISC,EGYCALKNGILLBLUE,,CA King,"California King 100% Cotton Sheet Set includes (1) Patented semi-fitted top sheet W-108” x L-110” (1) fitted sheet W-72"" x L-84"" x D-18"", (2) pillowcases 20” x 40” ILLUSION BLUE - 50% OFF",CA King - $104.97,Illusion Blue,$104.97,$9.95,yes,0,,,,10,,
220,MainOfferSltCaLILLBlueDISC,EGYSLTCALILLBLUE,,Split California,"Split California 100% Cotton Sheet Set includes (1) Patented semi-fitted top sheet W-110” x L-106” (2) fitted sheets W-39” x L-84”x D-16”, (2) pillowcases 20” x 40” ILLUSION BLUE - 50% OFF",Split California - $104.97,Illusion Blue,$104.97,$9.95,yes,0,,,,10,,
221,MainOfferSltKingILLBlueDISC,EGYSLTKNGILLBLUE,,Split King,"Split King 100% Cotton Sheet Set includes (1) Patented semi-fitted top sheet W-110” x L-106” (2) fitted sheets W-39” x L-80” X D-16”, (2) pillowcases 20” x 40” ILLUSION BLUE - 50% OFF",Split King - $104.97,Illusion Blue,$104.97,$9.95,yes,0,,,,10,,
222,MainOfferTwinILLBlueDISC,EGYTWINILLBLUE,,Twin,"Twin 100% Cotton Sheet Set includes (1) Patented semi-fitted top sheet W-68” x L-98” (1) fitted sheet W-39” x L-75"" x D-16”, (2) pillowcases 20” x 32” ILLUSION BLUE - 50% OFF",Twin - $62.47,Illusion Blue,$62.47,$9.95,yes,0,,,,10,,
223,MainOfferTwinXLILLBlueDISC,EGYTWINXLILLBLUE,,Twin XL,"TwinXL 100% Cotton Sheet Set includes (1) Patented semi-fitted top sheet W-68” x L-98” (1) fitted sheet W-39” x L-80"" x D-16”, (2) pillowcases 20” x 32” ILLUSION BLUE - 50% OFF",TwinXL - $64.97,Illusion Blue,$64.97,$9.95,yes,0,,,,10,,
224,BlanketTwin/TwinXLDarkGray,TWINBLANKDKGRAY,,Twin/Twin XL,"Effortless Patented Semi-fitted Plush Blanket Blanket Twin/TwinXL W-68” x L-98"" DARK GRAY",Twin/TwinXL - $79.95,Dark Gray,$89.95,$9.95,yes,1,,,,1,,
225,BlanketFullDarkGray,FULLBLANKDKGRAY,,Full,Effortless Patented Semi-fitted Plush Blanket Blanket Full W-88” x L-98” DARK GRAY,Full - $79.95,Dark Gray,$89.95,$9.95,yes,1,,,,1,,
226,BlanketQueenDarkGray,QUEENBLANKDKGRAY,,Queen,Effortless Patented Semi-fitted Plush Blanket Blanket Queen W-94” x L-108” DARK GRAY,Queen - $79.95,Dark Gray,$89.95,$9.95,yes,1,,,,1,,
227,BlanketKingDarkGray,KINGBLANKDKGRAY,,King,Effortless Patented Semi-fitted Plush Blanket Blanket King W-112” x L-108” DARK GRAY,King - $89.95,Dark Gray,$89.95,$9.95,yes,1,,,,0,,
228,BlanketCAKingDarkGray,CABLANKDKGRAY,,CA King,Effortless Patented Semi-fitted Plush Blanket CA King W-108” x L-110” DARK GRAY,CA King - $89.95,Dark Gray,$89.95,$9.95,yes,1,,,,0,,
229,BlanketTwin/TwinXLDarkGrayDISC,TWINBLANKDKGRAY,,Twin/Twin XL,"Effortless Patented Semi-fitted Plush Blanket Blanket Twin/TwinXL W-68” x L-98"" DARK GRAY - 50% OFF",Twin/TwinXL - $35.97,Dark Gray,$35.97,$9.95,yes,0,,,,10,,
230,BlanketFullDarkGraydDISC,FULLBLANKDKGRAY,,Full,Effortless Patented Semi-fitted Plush Blanket Blanket Full W-88” x L-98” DARK GRAY - 50% OFF,Full - $35.97,Dark Gray,$35.97,$9.95,yes,0,,,,10,,
231,BlanketQueenDarkGrayDISC,QUEENBLANKDKGRAY,,Queen,Effortless Patented Semi-fitted Plush Blanket Blanket Queen W-94” x L-108” DARK GRAY - 50% OFF,Queen - $35.97,Dark Gray,$35.97,$9.95,yes,0,,,,10,,
232,BlanketKingDarkGrayDISC,KINGBLANKDKGRAY,,King,Effortless Patented Semi-fitted Plush Blanket Blanket King W-112” x L-108” DARK GRAY - 50% OFF,King - $44.97,Dark Gray,$44.97,$9.95,yes,0,,,,10,,
233,BlanketCAKingDarkGrayDISC,CABLANKDKGRAY,,CA King,Effortless Patented Semi-fitted Plush Blanket CA King W-108” x L-110” DARK GRAY - 50% OFF,CA King -$44.97,Dark Gray,$44.97,$9.95,yes,0,,,,10,,
234,BlanketTwin/TwinXLGardenia,TWINBLANKGARDENIA,,Twin/Twin XL,"Effortless Patented Semi-fitted Plush Blanket Blanket Twin/TwinXL W-68” x L-98"" GARDENIA",Twin/TwinXL - $79.95,Gardenia,$79.95,$9.95,yes,1,,,,1,,
235,BlanketFullGardenia,FULLBLANKGARDENIA,,Full,Effortless Patented Semi-fitted Plush Blanket Blanket Full W-88” x L-98” GARDENIA,Full - $79.95,Gardenia,$79.95,$9.95,yes,1,,,,1,,
236,BlanketQueenGardenia,QUEENBLANKGARDENIA,,Queen,Effortless Patented Semi-fitted Plush Blanket Blanket Queen W-94” x L-108” GARDENIA,Queen - $79.95,Gardenia,$79.95,$9.95,yes,1,,,,1,,
237,BlanketKingGardenia,KINGBLANKGARDENIA,,King,Effortless Patented Semi-fitted Plush Blanket Blanket King W-112” x L-108” GARDENIA,King - $89.95,Gardenia,$89.95,$9.95,yes,1,,,,0,,
238,BlanketCAKingGardenia,CABLANKGARDENIA,,CA King,Effortless Patented Semi-fitted Plush Blanket CA King W-108” x L-110” GARDENIA,CA King - $89.95,Gardenia,$89.95,$9.95,yes,1,,,,1,,
239,BlanketTwin/TwinXLGardeniaDISC,TWINBLANKGARDENIA,,Twin/Twin XL,"Effortless Patented Semi-fitted Plush Blanket Blanket Twin/TwinXL W-68” x L-98"" GARDENIA - 50% OFF",Twin/TwinXL - $35.97,Gardenia,$35.97,$9.95,yes,0,,,,10,,
240,BlanketFullGardeniaDISC,FULLBLANKGARDENIA,,Full,Effortless Patented Semi-fitted Plush Blanket Blanket Full W-88” x L-98” GARDENIA - 50% OFF,Full - $35.97,Gardenia,$35.97,$9.95,yes,0,,,,10,,
241,BlanketQueenGardeniaDISC,QUEENBLANKGARDENIA,,Queen,Effortless Patented Semi-fitted Plush Blanket Blanket Queen W-94” x L-108” GARDENIA - 50% OFF,Queen - $35.97,Gardenia,$35.97,$9.95,yes,0,,,,10,,
242,BlanketKingGardeniaDISC,KINGBLANKGARDENIA,,King,Effortless Patented Semi-fitted Plush Blanket Blanket King W-112” x L-108” GARDENIA - 50% OFF,King - $44.97,Gardenia,$44.97,$9.95,yes,0,,,,10,,
243,BlanketCAKingGardeniaDISC,CABLANKGARDENIA,,CA King,Effortless Patented Semi-fitted Plush Blanket CA King W-108” x L-110” GARDENIA - 50% OFF,CA King -$44.97,Gardenia,$44.97,$9.95,yes,0,,,,10,,
244,BlanketTwin/TwinXLSageGreen,TWINBLANKSAGEGREEN,,Twin/Twin XL,"Effortless Patented Semi-fitted Plush Blanket Blanket Twin/TwinXL W-68” x L-98"" SAGE GREEN",Twin/TwinXL - $79.95,Sage Green,$79.95,$9.95,yes,1,,,,1,,
245,BlanketFullSageGreen,FULLBLANKSAGEGREEN,,Full,Effortless Patented Semi-fitted Plush Blanket Blanket Full W-88” x L-98” SAGE GREEN,Full - $79.95,Sage Green,$79.95,$9.95,yes,1,,,,1,,
246,BlanketQueenSageGreen,QUEENBLANKSAGEGREEN,,Queen,Effortless Patented Semi-fitted Plush Blanket Blanket Queen W-94” x L-108” SAGE GREEN,Queen - $79.95,Sage Green,$79.95,$9.95,yes,1,,,,1,,
247,BlanketKingSageGreen,KINGBLANKSAGEGREEN,,King,Effortless Patented Semi-fitted Plush Blanket Blanket King W-112” x L-108” SAGE GREEN,King - $89.95,Sage Green,$89.95,$9.95,yes,1,,,,1,,
248,BlanketCAKingSageGreen,CABLANKSAGEGREEN,,CA King,Effortless Patented Semi-fitted Plush Blanket CA King W-108” x L-110” SAGE GREEN,CA King - $89.95,Sage Green,$89.95,$9.95,yes,1,,,,1,,
249,BlanketTwin/TwinXLSageGreenDISC,TWINBLANKSAGEGREEN,,Twin/Twin XL,"Effortless Patented Semi-fitted Plush Blanket Blanket Twin/TwinXL W-68” x L-98"" SAGE GREEN - 50% OFF",Twin/TwinXL - $35.97,Sage Green,$35.97,$9.95,yes,0,,,,10,,
250,BlanketFullSageGreenDISC,FULLBLANKSAGEGREEN,,Full,Effortless Patented Semi-fitted Plush Blanket Blanket Full W-88” x L-98” SAGE GREEN - 50% OFF,Full - $35.97,Sage Green,$35.97,$9.95,yes,0,,,,10,,
251,BlanketQueenSageGreenDISC,QUEENBLANKSAGEGREEN,,Queen,Effortless Patented Semi-fitted Plush Blanket Blanket Queen W-94” x L-108” SAGE GREEN - 50% OFF,Queen - $35.97,Sage Green,$35.97,$9.95,yes,0,,,,10,,
252,BlanketKingSageGreenDISC,KINGBLANKSAGEGREEN,,King,Effortless Patented Semi-fitted Plush Blanket Blanket King W-112” x L-108” SAGE GREEN - 50% OFF,King - $44.97,Sage Green,$44.97,$9.95,yes,0,,,,10,,
253,BlanketCAKingSageGreenDISC,CABLANKSAGEGREEN,,CA King,Effortless Patented Semi-fitted Plush Blanket CA King W-108” x L-110” SAGE GREEN - 50% OFF,CA King -$44.97,Sage Green,$44.97,$9.95,yes,0,,,,10,,